LINE_RATE,N,D,S,X,U,W,OUTPUT_QUEUE_DEPTH,MULTICAST_SUPPORT,clk,part_number,Slices/CLBs,Slices/CLBs %,Slice/CLB LUTs,Slice/CLB LUTs %,LUT as Memory,LUT as Memory %,Slice/CLB Regs,Slice/CLB Regs %,BRAMs,BRAMs%,URAMs,URAMs%,DSPs,DSPs %,WNS(ns),TNS(ns),NNS,WHS(ns),THS(ns),NHS,Timing Status
25,104,4096,8,512,1,72,32,0,2.88,xcvu9p-flga2577-3-e,47533,32.16,164454,13.91,46838,7.91,340555,14.40,884,40.93,104,10.83,0,0.00,0.023,0.000,0,0.003,0.000,0,Met
25,112,4096,8,512,1,72,32,0,2.88,xcvu9p-flga2577-3-e,54100,36.61,182098,15.40,50428,8.52,385929,16.32,952,44.07,112,11.67,0,0.00,-0.150,-2.559,63,0.003,0.000,0,Not Met

25,8,4096,8,512,1,144,32,0,3.08,xcku3p-ffvb676-3-e,1907,7.03,6551,4.03,1586,1.59,11733,3.61,10,2.78,16,33.33,0,0.00,0.437,0.000,0,0.032,0.000,0,Met
25,16,4096,8,512,1,144,32,0,3.08,xcku3p-ffvb676-3-e,4699,17.33,15783,9.70,3946,3.95,31573,9.70,52,14.44,32,66.67,0,0.00,0.474,0.000,0,0.029,0.000,0,Met
25,24,4096,8,512,1,144,32,0,3.08,xcvu3p-ffvc1517-3-e,7571,15.37,27522,6.98,7055,3.58,52347,6.64,126,17.50,48,15.00,0,0.00,0.240,0.000,0,0.021,0.000,0,Met
25,32,4096,8,512,1,144,32,0,3.08,xcvu3p-ffvc1517-3-e,10905,22.14,39182,9.94,9396,4.76,79924,10.14,168,23.33,64,20.00,0,0.00,0.248,0.000,0,0.010,0.000,0,Met
25,40,4096,8,512,1,144,32,0,3.08,xcvu3p-ffvc1517-3-e,16297,33.08,56826,14.42,13793,6.99,119967,15.22,290,40.28,80,25.00,0,0.00,0.293,0.000,0,0.007,0.000,0,Met
25,48,4096,8,512,1,144,32,0,3.08,xcvu5p-flvc2104-3-e,19563,19.86,72464,12.07,16542,4.19,159138,13.25,348,33.98,96,20.43,0,0.00,0.088,0.000,0,0.003,0.000,0,Met
25,56,4096,8,512,1,144,32,0,3.08,xcvu5p-flvc2104-3-e,25243,25.62,88876,14.80,21939,5.56,197040,16.40,518,50.59,112,23.83,0,0.00,0.081,0.000,0,0.008,0.000,0,Met
25,64,4096,8,512,1,144,32,0,3.08,xcvu5p-flvc2104-3-e,31054,31.52,106991,17.81,25064,6.35,245406,20.43,592,57.81,128,27.23,0,0.00,0.009,0.000,0,0.016,0.000,0,Met
25,72,4096,8,512,1,144,32,0,3.08,xcvu5p-flvc2104-3-e,40897,41.51,141110,23.50,30990,7.85,322598,26.86,828,80.86,144,30.64,0,0.00,-0.143,-7.861,182,0.006,0.000,0,Not Met
25,48,4096,8,512,1,144,32,0,3.08,xcvu9p-flga2577-3-e,20139,13.63,72430,6.13,16542,2.80,159132,6.73,348,16.11,96,10.00,0,0.00,0.094,0.000,0,0.005,0.000,0,Met
25,56,4096,8,512,1,144,32,0,3.08,xcvu9p-flga2577-3-e,25274,17.10,88851,7.52,21939,3.71,197057,8.33,518,23.98,112,11.67,0,0.00,0.147,0.000,0,0.013,0.000,0,Met
25,64,4096,8,512,1,144,32,0,3.08,xcvu9p-flga2577-3-e,31631,21.40,107044,9.05,25064,4.23,245419,10.38,592,27.41,128,13.33,0,0.00,0.000,0.000,0,0.004,0.000,0,Met
25,72,4096,8,512,1,144,32,0,3.08,xcvu9p-flga2577-3-e,40709,27.55,141103,11.94,30990,5.24,322641,13.65,828,38.33,144,15.00,0,0.00,-0.387,-476.050,3941,0.003,0.000,0,Not Met

25,8,512,8,64,1,72,32,0,2.88,xcku3p-ffvb676-3-e,1113,4.10,4070,2.50,994,1.00,6884,2.12,10,2.92,0,0.00,0,0.00,0.552,0.000,0,0.027,0.000,0,Met
25,16,512,8,64,1,72,32,0,2.88,xcku3p-ffvb676-3-e,3124,11.52,10622,6.53,3450,3.46,20567,6.32,21,5.83,0,0.00,0,0.00,0.478,0.000,0,0.005,0.000,0,Met
25,24,512,8,64,1,72,32,0,2.88,xcvu3p-ffvc1517-3-e,5582,11.33,19355,4.91,7343,3.72,37319,4.73,31,4.38,0,0.00,0,0.00,0.384,0.000,0,0.004,0.000,0,Met
25,32,512,8,64,1,72,32,0,2.88,xcvu3p-ffvc1517-3-e,7828,15.89,27380,6.95,9780,4.96,55274,7.01,42,5.83,0,0.00,0,0.00,0.334,0.000,0,0.005,0.000,0,Met
25,40,512,8,64,1,72,32,0,2.88,xcvu3p-ffvc1517-3-e,12098,24.56,42719,10.84,15913,8.07,85899,10.90,52,7.29,0,0.00,0,0.00,0.279,0.000,0,0.003,0.000,0,Met
25,48,512,8,64,1,72,32,0,2.88,xcvu5p-flvc2104-3-e,15110,15.34,53441,8.90,19086,4.84,111327,9.27,63,6.15,0,0.00,0,0.00,0.414,0.000,0,0.003,0.000,0,Met
25,56,512,8,64,1,72,32,0,2.88,xcvu5p-flvc2104-3-e,18701,18.98,66210,11.02,27315,6.92,144787,12.05,73,7.18,0,0.00,0,0.00,0.196,0.000,0,0.003,0.000,0,Met
25,64,512,8,64,1,72,32,0,2.88,xcvu5p-flvc2104-3-e,21817,22.14,78803,13.12,31208,7.91,176452,14.69,84,8.20,0,0.00,0,0.00,0.062,0.000,0,0.003,0.000,0,Met
25,72,512,8,64,1,72,32,0,2.88,xcvu5p-flvc2104-3-e,28108,28.53,103611,17.25,41142,10.43,233995,19.48,112,10.99,0,0.00,0,0.00,0.225,0.000,0,0.003,0.000,0,Met
25,80,512,8,64,1,72,32,0,2.88,xcvu5p-flvc2104-3-e,34377,34.89,119065,19.83,45700,11.58,273747,22.79,125,12.21,0,0.00,0,0.00,0.170,0.000,0,0.003,0.000,0,Met
25,88,512,8,64,1,72,32,0,2.88,xcvu9p-flga2577-3-e,39988,27.06,140214,11.86,58202,9.83,324662,13.73,137,6.37,0,0.00,0,0.00,0.123,0.000,0,0.002,0.000,0,Met
25,96,512,8,64,1,72,32,0,2.88,xcvu9p-flga2577-3-e,47600,32.21,157420,13.32,63480,10.73,370530,15.67,150,6.94,0,0.00,0,0.00,0.100,0.000,0,0.002,0.000,0,Met
25,104,512,8,64,1,72,32,0,2.88,xcvu9p-flga2577-3-e,56317,38.11,185258,15.67,78142,13.20,436989,18.48,162,7.52,0,0.00,0,0.00,0.079,0.000,0,0.002,0.000,0,Met
25,112,512,8,64,1,72,32,0,2.88,xcvu9p-flga2577-3-e,61108,41.35,204737,17.32,84140,14.22,489820,20.72,175,8.10,0,0.00,0,0.00,0.009,0.000,0,0.010,0.000,0,Met
25,120,512,8,64,1,72,32,0,2.88,xcvu9p-flga2577-3-e,69870,47.28,232391,19.66,100962,17.06,556843,23.55,187,8.68,0,0.00,0,0.00,0.001,0.000,0,0.003,0.000,0,Met
25,128,512,8,64,1,72,32,0,2.88,xcvu13p-flga2577-3-e,76522,35.43,253938,14.70,107680,13.61,615905,17.82,200,7.44,0,0.00,0,0.00,0.007,0.000,0,0.001,0.000,0,Met

31,128,512,8,64,1,104,32,0,3.3548,xcvu13p-flga2577-3-e,105968,49.06,337742,19.55,148128,18.73,837169,24.22,264,9.82,0,0.00,0,0.00,0.000,0.000,0,0.003,0.000,0,Met

25,64,512,8,64,1,72,32,0,2.88,xcvu9p-flga2577-3-e,21908,14.82,78823,6.67,31208,5.27,176452,7.46,84,3.89,0,0.00,0,0.00,0.282,0.000,0,0.003,0.000,0,Met
25,64,1024,8,64,1,72,32,0,2.88,xcvu9p-flga2577-3-e,21818,14.76,79013,6.68,31240,5.28,176860,7.48,152,7.04,0,0.00,0,0.00,0.248,0.000,0,0.003,0.000,0,Met
25,64,2048,8,64,1,72,32,0,2.88,xcvu9p-flga2577-3-e,23099,15.63,79239,6.70,31336,5.29,177263,7.50,304,14.07,0,0.00,0,0.00,0.146,0.000,0,0.003,0.000,0,Met
25,64,4096,8,64,1,72,32,0,2.88,xcvu9p-flga2577-3-e,22298,15.09,79208,6.70,31336,5.29,177676,7.51,80,3.70,64,6.67,0,0.00,0.089,0.000,0,0.001,0.000,0,Met
25,64,8192,8,64,1,72,32,0,2.88,xcvu9p-flga2577-3-e,23194,15.69,79435,6.72,31336,5.29,182654,7.72,156,7.22,128,13.33,0,0.00,0.051,0.000,0,0.003,0.000,0,Met
25,64,16384,8,64,1,72,32,0,2.88,xcvu9p-flga2577-3-e,24457,16.55,79625,6.74,31352,5.30,183076,7.74,340,15.74,256,26.67,0,0.00,0.144,0.000,0,0.003,0.000,0,Met
25,64,4096,8,512,1,72,32,0,2.88,xcvu9p-flga2577-3-e,19925,13.48,71671,6.06,20328,3.43,143114,6.05,336,15.56,64,6.67,0,0.00,0.103,0.000,0,0.003,0.000,0,Met
25,64,4096,8,512,1,144,32,0,3.08,xcvu9p-flga2577-3-e,31631,21.40,107044,9.05,25064,4.23,245419,10.38,592,27.41,128,13.33,0,0.00,0.000,0.000,0,0.004,0.000,0,Met

10,12,512,12,64,1,72,32,0,4,xcau10p-ffvb676-2-e,2500,25.72,10533,23.94,1978,4.91,10532,11.97,14,14.50,NA,NA,0,0.00,0.508,0.000,0,0.036,0.000,0,Met
10,12,512,12,64,1,72,32,1,4,xcau10p-ffvb676-2-e,2512,25.84,10638,24.18,1994,4.95,10691,12.15,15,15.50,NA,NA,0,0.00,0.481,0.000,0,0.030,0.000,0,Met
10,12,1024,12,64,1,72,32,0,4,xcau10p-ffvb676-2-e,2511,25.83,10549,23.98,1978,4.91,10604,12.05,27,27.00,NA,NA,0,0.00,0.636,0.000,0,0.032,0.000,0,Met
10,12,1024,12,64,1,72,32,1,4,xcau10p-ffvb676-2-e,2475,25.46,10643,24.19,1994,4.95,10764,12.23,28,28.00,NA,NA,0,0.00,0.693,0.000,0,0.035,0.000,0,Met
10,12,2048,12,64,1,72,32,0,4,xcau10p-ffvb676-2-e,2523,25.96,10575,24.03,1978,4.91,10668,12.12,54,54.00,NA,NA,0,0.00,0.583,0.000,0,0.038,0.000,0,Met
10,12,2048,12,64,1,72,32,1,4,xcau10p-ffvb676-2-e,2493,25.65,10682,24.28,1994,4.95,10835,12.31,55,55.00,NA,NA,0,0.00,0.930,0.000,0,0.023,0.000,0,Met

25,8,1024,8,64,1,72,32,0,2.88,xcku3p-ffvb676-3-e,1147,4.23,4084,2.51,994,1.00,6933,2.13,19,5.28,0,0.00,0,0.00,0.576,0.000,0,0.035,0.000,0,Met
25,16,1024,8,64,1,72,32,0,2.88,xcku3p-ffvb676-3-e,3175,11.71,10657,6.55,3450,3.46,20671,6.35,38,10.56,0,0.00,0,0.00,0.591,0.000,0,0.004,0.000,0,Met
25,24,1024,8,64,1,72,32,0,2.88,xcvu3p-ffvc1517-3-e,5668,11.51,19353,4.91,7343,3.72,37473,4.75,57,7.92,0,0.00,0,0.00,0.366,0.000,0,0.003,0.000,0,Met
25,32,1024,8,64,1,72,32,0,2.88,xcvu3p-ffvc1517-3-e,7772,15.78,27323,6.93,9780,4.96,55478,7.04,76,10.56,0,0.00,0,0.00,0.304,0.000,0,0.005,0.000,0,Met
25,40,1024,8,64,1,72,32,0,2.88,xcvu3p-ffvc1517-3-e,12148,24.66,42779,10.86,15933,8.08,86154,10.93,95,13.19,0,0.00,0,0.00,0.210,0.000,0,0.002,0.000,0,Met
25,48,1024,8,64,1,72,32,0,2.88,xcvu5p-flvc2104-3-e,15512,15.75,53578,8.92,19110,4.84,111639,9.29,114,11.13,0,0.00,0,0.00,0.210,0.000,0,0.003,0.000,0,Met
25,56,1024,8,64,1,72,32,0,2.88,xcvu5p-flvc2104-3-e,19147,19.43,66420,11.06,27343,6.93,145142,12.08,133,12.99,0,0.00,0,0.00,0.235,0.000,0,0.003,0.000,0,Met
25,64,1024,8,64,1,72,32,0,2.88,xcvu5p-flvc2104-3-e,22137,22.47,79041,13.16,31240,7.92,176859,14.72,152,14.84,0,0.00,0,0.00,0.132,0.000,0,0.002,0.000,0,Met
25,72,1024,8,64,1,72,32,0,2.88,xcvu5p-flvc2104-3-e,28744,29.18,103994,17.32,41142,10.43,234415,19.52,189,18.46,0,0.00,0,0.00,0.096,0.000,0,0.002,0.000,0,Met
25,80,1024,8,64,1,72,32,0,2.88,xcvu5p-flvc2104-3-e,34593,35.11,119166,19.84,45700,11.58,274213,22.83,210,20.51,0,0.00,0,0.00,0.263,0.000,0,0.002,0.000,0,Met
25,88,1024,8,64,1,72,32,0,2.88,xcvu9p-flga2577-3-e,40630,27.49,140686,11.90,58202,9.83,325081,13.75,231,10.69,0,0.00,0,0.00,0.111,0.000,0,0.002,0.000,0,Met
25,96,1024,8,64,1,72,32,0,2.88,xcvu9p-flga2577-3-e,46772,31.65,157951,13.36,63480,10.73,371194,15.70,252,11.67,0,0.00,0,0.00,0.075,0.000,0,0.003,0.000,0,Met
25,104,1024,8,64,1,72,32,0,2.88,xcvu9p-flga2577-3-e,56718,38.38,185475,15.69,78142,13.20,437603,18.51,273,12.64,0,0.00,0,0.00,0.007,0.000,0,0.002,0.000,0,Met
25,112,1024,8,64,1,72,32,0,2.88,xcvu13p-flga2577-3-e,62141,28.77,204896,11.86,84140,10.64,490453,14.19,294,10.94,0,0.00,0,0.00,0.091,0.000,0,0.003,0.000,0,Met
25,120,1024,8,64,1,72,32,0,2.88,xcvu13p-flga2577-3-e,69523,32.19,233362,13.50,100962,12.76,557505,16.13,315,11.72,0,0.00,0,0.00,0.054,0.000,0,0.003,0.000,0,Met
25,128,1024,8,64,1,72,32,0,2.88,xcvu13p-flga2577-3-e,76926,35.61,255029,14.76,107680,13.61,616669,17.84,336,12.50,0,0.00,0,0.00,0.003,0.000,0,0.002,0.000,0,Met

25,112,1024,8,64,1,72,32,0,2.88,xcvu9p-flga2577-3-e,60771,41.12,204934,17.33,84140,14.22,490478,20.74,294,13.61,0,0.00,0,0.00,-0.018,-0.051,6,0.010,0.000,0,Not Met
25,120,1024,8,64,1,72,32,0,2.88,xcvu9p-flga2577-3-e,72856,49.30,233449,19.75,100962,17.06,557582,23.58,315,14.58,0,0.00,0,0.00,-0.172,-19.338,450,0.005,0.000,0,Not Met

25,8,4096,8,64,1,72,32,0,2.88,xcku3p-ffvb676-3-e,1174,4.33,4391,2.70,994,1.00,7035,2.16,10,2.78,8,16.67,0,0.00,0.517,0.000,0,0.032,0.000,0,Met
25,16,4096,8,64,1,72,32,0,2.88,xcku3p-ffvb676-3-e,3116,11.49,10650,6.54,3450,3.46,20875,6.41,20,5.56,16,33.33,0,0.00,0.327,0.000,0,0.024,0.000,0,Met
25,24,4096,8,64,1,72,32,0,2.88,xcvu3p-ffvc1517-3-e,5484,11.13,19389,4.92,7343,3.72,37778,4.79,30,4.17,24,7.50,0,0.00,0.291,0.000,0,0.004,0.000,0,Met
25,32,4096,8,64,1,72,32,0,2.88,xcvu3p-ffvc1517-3-e,7957,16.15,27336,6.94,9780,4.96,55886,7.09,40,5.56,32,10.00,0,0.00,0.307,0.000,0,0.003,0.000,0,Met
25,40,4096,8,64,1,72,32,0,2.88,xcvu3p-ffvc1517-3-e,12161,24.69,42847,10.87,15993,8.11,86662,11.00,50,6.94,40,12.50,0,0.00,0.232,0.000,0,0.004,0.000,0,Met
25,48,4096,8,64,1,72,32,0,2.88,xcvu5p-flvc2104-3-e,16130,16.37,53751,8.95,19182,4.86,112249,9.35,60,5.86,48,10.21,0,0.00,0.257,0.000,0,0.003,0.000,0,Met
25,56,4096,8,64,1,72,32,0,2.88,xcvu5p-flvc2104-3-e,18445,18.72,66591,11.09,27427,6.95,145856,12.14,70,6.84,56,11.91,0,0.00,0.222,0.000,0,0.003,0.000,0,Met
25,64,4096,8,64,1,72,32,0,2.88,xcvu5p-flvc2104-3-e,22257,22.59,79207,13.19,31336,7.94,177747,14.80,80,7.81,64,13.62,0,0.00,0.052,0.000,0,0.003,0.000,0,Met
25,72,4096,8,64,1,72,32,0,2.88,xcvu5p-flvc2104-3-e,29146,29.58,103847,17.29,41142,10.43,235263,19.59,108,10.55,72,15.32,0,0.00,0.226,0.000,0,0.003,0.000,0,Met
25,80,4096,8,64,1,72,32,0,2.88,xcvu5p-flvc2104-3-e,33709,34.22,119249,19.86,45700,11.58,275155,22.91,120,11.72,80,17.02,0,0.00,0.152,0.000,0,0.003,0.000,0,Met
25,88,4096,8,64,1,72,32,0,2.88,xcvu9p-flga2577-3-e,41620,28.16,140499,11.88,58202,9.83,326116,13.79,132,6.11,88,9.17,0,0.00,0.017,0.000,0,0.003,0.000,0,Met
25,96,4096,8,64,1,72,32,0,2.88,xcvu9p-flga2577-3-e,47443,32.10,157629,13.33,63480,10.73,372282,15.74,144,6.67,96,10.00,0,0.00,0.000,0.000,0,0.003,0.000,0,Met
25,104,4096,8,64,1,72,32,0,2.88,xcvu9p-flga2577-3-e,56140,37.99,185618,15.70,78142,13.20,438821,18.56,156,7.22,104,10.83,0,0.00,0.026,0.000,0,0.002,0.000,0,Met
25,112,4096,8,64,1,72,32,0,2.88,xcvu13p-flga2577-3-e,62098,28.75,205013,11.86,84140,10.64,491755,14.23,168,6.25,112,8.75,0,0.00,0.019,0.000,0,0.003,0.000,0,Met
25,120,4096,8,64,1,72,32,0,2.88,xcvu13p-flga2577-3-e,69788,32.31,232658,13.46,100962,12.76,558943,16.17,180,6.70,120,9.38,0,0.00,0.047,0.000,0,0.003,0.000,0,Met

25,128,4096,8,64,1,72,32,0,2.88,xcvu13p-flga2577-3-e,77813,36.02,254364,14.72,107680,13.61,618159,17.89,192,7.14,128,10.00,0,0.00,-0.041,-0.867,49,0.003,0.000,0,Not Met

25,8,4096,8,512,1,72,32,0,2.88,xcku3p-ffvb676-3-e,1174,4.33,4391,2.70,994,1.00,7035,2.16,10,2.78,8,16.67,0,0.00,0.517,0.000,0,0.032,0.000,0,Met
25,16,4096,8,512,1,72,32,0,2.88,xcku3p-ffvb676-3-e,2846,10.49,10143,6.23,2762,2.77,18715,5.75,36,10.00,16,33.33,0,0.00,0.518,0.000,0,0.028,0.000,0,Met
25,24,4096,8,512,1,72,32,0,2.88,xcvu3p-ffvc1517-3-e,4961,10.07,17935,4.55,5279,2.68,31298,3.97,78,10.83,24,7.50,0,0.00,0.452,0.000,0,0.009,0.000,0,Met
25,32,4096,8,512,1,72,32,0,2.88,xcvu3p-ffvc1517-3-e,6825,13.86,25403,6.45,7028,3.56,47246,5.99,104,14.44,32,10.00,0,0.00,0.387,0.000,0,0.011,0.000,0,Met
25,40,4096,8,512,1,72,32,0,2.88,xcvu3p-ffvc1517-3-e,9964,20.23,39280,9.97,10833,5.49,70465,8.94,170,23.61,40,12.50,0,0.00,0.240,0.000,0,0.012,0.000,0,Met
25,48,4096,8,512,1,72,32,0,2.88,xcvu5p-flvc2104-3-e,12883,13.08,49499,8.24,12990,3.29,92810,7.73,204,19.92,48,10.21,0,0.00,0.173,0.000,0,0.012,0.000,0,Met
25,56,4096,8,512,1,72,32,0,2.88,xcvu5p-flvc2104-3-e,16873,17.13,59904,9.97,17795,4.51,115609,9.62,294,28.71,56,11.91,0,0.00,0.081,0.000,0,0.006,0.000,0,Met
25,64,4096,8,512,1,72,32,0,2.88,xcvu5p-flvc2104-3-e,20092,20.39,71737,11.94,20328,5.15,143114,11.91,336,32.81,64,13.62,0,0.00,0.093,0.000,0,0.012,0.000,0,Met
25,72,4096,8,512,1,72,32,0,2.88,xcvu5p-flvc2104-3-e,24587,24.96,93295,15.53,25662,6.50,186663,15.54,468,45.70,72,15.32,0,0.00,0.009,0.000,0,0.006,0.000,0,Met
25,80,4096,8,512,1,72,32,0,2.88,xcvu5p-flvc2104-3-e,27814,28.23,107506,17.90,28500,7.22,221145,18.41,520,50.78,80,17.02,0,0.00,0.041,0.000,0,0.004,0.000,0,Met
25,88,4096,8,512,1,72,32,0,2.88,xcvu9p-flga2577-3-e,34202,23.14,125127,10.58,35498,6.00,254843,10.78,660,30.56,88,9.17,0,0.00,0.017,0.000,0,0.007,0.000,0,Met
25,96,4096,8,512,1,72,32,0,2.88,xcvu9p-flga2577-3-e,39801,26.93,141129,11.94,38712,6.54,294448,12.45,720,33.33,96,10.00,0,0.00,0.019,0.000,0,0.003,0.000,0,Met
25,104,4096,8,512,1,72,32,0,2.88,xcvu9p-flga2577-3-e,47533,32.16,164454,13.91,46838,7.91,340555,14.40,884,40.93,104,10.83,0,0.00,0.023,0.000,0,0.003,0.000,0,Met
25,112,4096,8,512,1,72,32,0,2.88,xcvu13p-flga2577-3-e,54641,25.30,182004,10.53,50428,6.37,385924,11.17,952,35.42,112,8.75,0,0.00,0.015,0.000,0,0.002,0.000,0,Met

25,120,4096,8,512,1,72,32,0,2.88,xcvu13p-flga2577-3-e,60616,28.06,204775,11.85,59682,7.54,429352,12.42,1140,42.41,120,9.38,0,0.00,-0.813,-1332.128,6801,0.006,0.000,0,Not Met
25,128,4096,8,512,1,72,32,0,2.88,xcvu13p-flga2577-3-e,65979,30.55,224662,13.00,63648,8.05,479889,13.89,1216,45.24,128,10.00,0,0.00,-2.154,-4231.636,13577,0.010,0.000,0,Not Met



25,8,4096,8,64,1,144,32,0,3.08,xcku3p-ffvb676-3-e,1907,7.03,6551,4.03,1586,1.59,11733,3.61,10,2.78,16,33.33,0,0.00,0.437,0.000,0,0.032,0.000,0,Met
25,16,4096,8,64,1,144,32,0,3.08,xcku3p-ffvb676-3-e,5447,20.08,17620,10.83,5978,5.99,36053,11.08,20,5.56,32,66.67,0,0.00,0.270,0.000,0,0.023,0.000,0,Met
25,24,4096,8,64,1,144,32,0,3.08,xcvu3p-ffvc1517-3-e,9600,19.49,32939,8.36,13151,6.67,65736,8.34,30,4.17,48,15.00,0,0.00,0.255,0.000,0,0.003,0.000,0,Met
25,32,4096,8,64,1,144,32,0,3.08,xcvu3p-ffvc1517-3-e,14271,28.97,46424,11.78,17524,8.88,97790,12.41,40,5.56,64,20.00,0,0.00,0.061,0.000,0,0.005,0.000,0,Met
25,40,4096,8,64,1,144,32,0,3.08,xcvu3p-ffvc1517-3-e,20542,41.70,70383,17.86,29033,14.72,153449,19.47,50,6.94,80,25.00,0,0.00,0.086,0.000,0,0.003,0.000,0,Met
25,48,4096,8,64,1,144,32,0,3.08,xcvu5p-flvc2104-3-e,24504,24.87,88532,14.74,34830,8.83,199320,16.59,60,5.86,96,20.43,0,0.00,0.036,0.000,0,0.003,0.000,0,Met
25,56,4096,8,64,1,144,32,0,3.08,xcvu5p-flvc2104-3-e,33008,33.50,113922,18.97,50387,12.77,259560,21.61,70,6.84,112,23.83,0,0.00,0.013,0.000,0,0.003,0.000,0,Met
25,64,4096,8,64,1,144,32,0,3.08,xcvu5p-flvc2104-3-e,40138,40.74,135630,22.58,57576,14.59,316856,26.38,80,7.81,128,27.23,0,0.00,-0.027,-0.106,11,0.003,0.000,0,Not Met


25,64,8192,8,512,1,72,32,0,2.88,xcvu9p-flga2577-3-e,19611,13.27,71876,6.08,20328,3.43,148118,6.26,412,19.07,128,13.33,0,0.00,0.083,0.000,0,0.012,0.000,0,Met
25,64,8192,8,512,1,72,32,0,2.88,xcvu9p-flga2577-3-e,19611,13.27,71876,6.08,20328,3.43,148118,6.26,412,19.07,128,13.33,0,0.00,0.083,0.000,0,0.012,0.000,0,Met
25,64,4096,8,64,1,72,32,0,2.67,xcvu9p-flga2577-3-e,22172,15.00,80004,6.77,31336,5.29,177675,7.51,80,3.70,64,6.67,0,0.00,0.148,0.000,0,0.003,0.000,0,Met
25,64,4096,8,64,1,72,512,0,2.67,xcvu9p-flga2577-3-e,21641,14.64,78398,6.63,27752,4.69,168969,7.15,176,8.15,64,6.67,0,0.00,0.160,0.000,0,0.003,0.000,0,Met
25,64,4096,8,64,1,72,512,0,2.5,xcvu9p-flga2577-3-e,20852,14.11,78876,6.67,27752,4.69,168966,7.15,176,8.15,64,6.67,0,0.00,0.125,0.000,0,0.003,0.000,0,Met
25,64,4096,8,64,1,72,512,0,2.35,xcvu9p-flga2577-3-e,21327,14.43,78861,6.67,27752,4.69,168965,7.15,176,8.15,64,6.67,0,0.00,0.070,0.000,0,0.002,0.000,0,Met
25,64,8192,8,64,1,72,512,0,2.35,xcvu9p-flga2577-3-e,21248,14.38,78000,6.60,27752,4.69,173970,7.36,260,12.04,128,13.33,0,0.00,0.008,0.000,0,0.003,0.000,0,Met
25,64,4096,8,512,1,72,512,0,2.5,xcvu9p-flga2577-3-e,19757,13.37,71319,6.03,16744,2.83,134412,5.68,432,20.00,64,6.67,0,0.00,0.167,0.000,0,0.007,0.000,0,Met

15,12,512,8,64,1,32,32,1,2.1333,xcau10p-ffvb676-2-e,1539,15.83,6151,13.98,1574,3.90,10639,12.09,14,14.00,NA,NA,0,0.00,0.003,0.000,0,0.008,0.000,0,Met
15,12,1024,8,64,1,32,32,1,2.1333,xcau10p-ffvb676-2-e,1614,16.60,6140,13.95,1574,3.90,10749,12.21,23,23.00,NA,NA,0,0.00,0.062,0.000,0,0.012,0.000,0,Met
15,12,2048,8,64,1,32,32,1,2.1333,xcau10p-ffvb676-2-e,1769,18.20,6180,14.05,1574,3.90,10865,12.35,45,45.00,NA,NA,0,0.00,-0.092,-1.382,33,0.017,0.000,0,Not Met

25,64,4096,8,512,1,72,512,0,2.5,xcvu9p-flga2577-3-e,19757,13.37,71319,6.03,16744,2.83,134412,5.68,432,20.00,64,6.67,0,0.00,0.167,0.000,0,0.007,0.000,0,Met
25,64,4096,8,64,1,72,512,0,2.35,xcvu9p-flga2577-3-e,21327,14.43,78861,6.67,27752,4.69,168965,7.15,176,8.15,64,6.67,0,0.00,0.070,0.000,0,0.002,0.000,0,Met
25,64,8192,8,64,1,72,512,0,2.35,xcvu9p-flga2577-3-e,21248,14.38,78000,6.60,27752,4.69,173970,7.36,260,12.04,128,13.33,0,0.00,0.008,0.000,0,0.003,0.000,0,Met
25,64,16384,8,64,1,72,512,0,2.35,xcvu9p-flga2577-3-e,22859,15.47,77976,6.60,27768,4.69,174378,7.37,448,20.74,256,26.67,0,0.00,-0.038,-0.450,35,0.003,0.000,0,Not Met
25,64,16384,8,64,1,72,512,0,2.4,xcvu9p-flga2577-3-e,23041,15.59,77984,6.60,27768,4.69,174368,7.37,448,20.74,256,26.67,0,0.00,0.006,0.000,0,0.003,0.000,0,Met
25,64,32768,8,64,1,72,32,0,2.88,xcvu9p-flga2577-3-e,26334,17.82,79628,6.74,31416,5.31,183795,7.77,736,34.07,512,53.33,0,0.00,-0.247,-112.057,1693,0.004,0.000,0,Not Met


25,72,8192,8,64,1,72,512,0,2.4,xcvu5p-flvc2104-3-e,27758,28.17,102455,17.06,37110,9.41,231090,19.24,310,30.32,144,30.64,0,0.00,0.020,0.000,0,0.003,0.000,0,Met
25,80,8192,8,64,1,72,512,0,2.4,xcvu5p-flvc2104-3-e,32379,32.87,117704,19.60,41220,10.45,270504,22.52,345,33.69,160,34.04,0,0.00,0.007,0.000,0,0.003,0.000,0,Met
25,88,8192,8,64,1,72,512,0,2.4,xcvu9p-flga2577-3-e,39557,26.77,138738,11.74,53274,9.00,320994,13.58,379,17.57,176,18.33,0,0.00,-0.283,-14.862,235,0.003,0.000,0,Not Met
25,96,8192,8,64,1,72,512,0,2.4,xcvu9p-flga2577-3-e,43444,29.40,155856,13.18,58104,9.82,366634,15.51,414,19.17,192,20.00,0,0.00,-0.119,-5.644,195,0.003,0.000,0,Not Met
25,104,8192,8,64,1,72,512,0,2.4,xcvu9p-flga2577-3-e,55788,37.75,183611,15.53,72318,12.22,432771,18.30,448,20.76,208,21.67,0,0.00,-0.392,-568.375,4942,0.003,0.000,0,Not Met

25,96,8192,8,64,1,72,512,0,2.6182,xcvu9p-flga2577-3-e,44016,29.78,155658,13.17,58104,9.82,366732,15.51,414,19.17,192,20.00,0,0.00,0.050,0.000,0,0.001,0.000,0,Met
25,96,8192,8,64,1,72,512,0,2.5043,xcvu9p-flga2577-3-e,48208,32.62,155835,13.18,58104,9.82,366615,15.51,414,19.17,192,20.00,0,0.00,-0.092,-5.122,184,0.002,0.000,0,Not Met
25,96,8192,8,64,1,72,512,0,2.5487,xcvu9p-flga2577-3-e,45017,30.46,155632,13.16,58104,9.82,366731,15.51,414,19.17,192,20.00,0,0.00,-0.046,-0.634,38,0.002,0.000,0,Not Met
25,96,8192,8,64,1,72,512,0,2.5714,xcvu9p-flga2577-3-e,45243,30.62,155629,13.16,58104,9.82,366720,15.51,414,19.17,192,20.00,0,0.00,-0.034,-0.358,21,0.003,0.000,0,Not Met
